"gene","baseMean","log2FoldChange","lfcSE","pvalue","padj","LOC_ID","transcript","database","uniprot_accession","geneID","species","pident","length","mismatch","gapopen","qstart","qend","sstart","send","evalue","bitscore","reviewed","entryname","protein_name","gene_name","organism","prot_length","GO_ID","GO_BP","GO_MF","GO_CC","Genename_orderedlocus","Induction","Pathwaycommons","Reactome","Unipathway","Interacts_with"
"gene-LOC134693655|LOC134693655",22.5201855069067,3.025330010976,1.26006092979633,0.000359373960190634,0.0281897236501306,"LOC134693655","lcl|NC_086384.1_cds_XP_063410607.1_44136","sp","Q07460","IF5A2","CHICK",62.745,153,55,2,61,519,3,153,7.2e-68,206,"reviewed","IF5A2_CHICK","Eukaryotic translation initiation factor 5A-2 (eIF-5A-2) (eIF-5A2) (Eukaryotic initiation factor 5A isoform 2) (eIF-4D)","EIF5A2","Gallus gallus (Chicken)",153,"GO:0003723; GO:0003746; GO:0005634; GO:0005789; GO:0006414; GO:0043022; GO:0045901; GO:0045905","positive regulation of translational elongation [GO:0045901]; positive regulation of translational termination [GO:0045905]; translational elongation [GO:0006414]","ribosome binding [GO:0043022]; RNA binding [GO:0003723]; translation elongation factor activity [GO:0003746]","endoplasmic reticulum membrane [GO:0005789]; nucleus [GO:0005634]",NA,NA,NA,"R-GGA-204626;",NA,NA
"gene-LOC134721871|LOC134721871",60.3807032828237,2.04205430061949,0.757023306230301,0.000205631457471057,0.0216400549571,"LOC134721871","lcl|NC_086378.1_cds_XP_063441205.1_26264","sp","P44121","DNLI","HAEIN",39.768,259,148,5,763,1536,12,263,1.57e-52,182,"reviewed","DNLI_HAEIN","DNA ligase (EC 6.5.1.1) (Polydeoxyribonucleotide synthase [ATP])","ligA HI_1182/HI_1183","Haemophilus influenzae (strain ATCC 51907 / DSM 11121 / KW20 / Rd)",268,"GO:0003910; GO:0005524; GO:0006260; GO:0006281; GO:0006310; GO:0046872","DNA recombination [GO:0006310]; DNA repair [GO:0006281]; DNA replication [GO:0006260]","ATP binding [GO:0005524]; DNA ligase (ATP) activity [GO:0003910]; metal ion binding [GO:0046872]",NA,"HI_1182/HI_1183",NA,NA,NA,NA,NA
"gene-LOC134714500|LOC134714500",20.198646593272,1.81070525166927,0.670628433597574,0.000220817992038411,0.0222461829665194,"LOC134714500","lcl|NC_086376.1_cds_XP_063431866.1_16263","sp","O60140","YNS9","SCHPO",34.629,283,171,7,1363,2196,215,488,3.14e-42,164,"reviewed","YNS9_SCHPO","Uncharacterized protein C18H10.09","SPBC18H10.09","Schizosaccharomyces pombe (strain 972 / ATCC 24843) (Fission yeast)",495,"GO:0005737; GO:0008270",NA,"zinc ion binding [GO:0008270]","cytoplasm [GO:0005737]",NA,NA,NA,NA,NA,NA
"gene-LOC134714625|LOC134714625",69.1980486354251,1.46920118475406,0.465646383196723,5.82824339851971e-05,0.00944498713449238,"LOC134714625","lcl|NC_086376.1_cds_XP_063432090.1_16551","sp","B1H1E4","ARI1","XENTR",34.167,240,116,10,1498,2154,158,376,3.48e-27,120,"reviewed","ARI1_XENTR","E3 ubiquitin-protein ligase arih1 (EC 2.3.2.31) (Protein ariadne-1 homolog) (ARI-1)","arih1","Xenopus tropicalis (Western clawed frog) (Silurana tropicalis)",529,"GO:0004842; GO:0005737; GO:0008270; GO:0016567; GO:0016604; GO:0097413","protein ubiquitination [GO:0016567]","ubiquitin-protein transferase activity [GO:0004842]; zinc ion binding [GO:0008270]","cytoplasm [GO:0005737]; Lewy body [GO:0097413]; nuclear body [GO:0016604]",NA,NA,NA,"R-XTR-1169408;","UPA00143;",NA
"gene-LOC134725611|LOC134725611",62.5368989609701,1.46474153595554,0.397522160224519,9.39567713760006e-06,0.00331675207264819,"LOC134725611","lcl|NC_086373.1_cds_XP_063445634.1_2366","sp","Q8BTN6","LENG9","MOUSE",45.536,112,57,2,442,765,42,153,3.18e-26,115,"reviewed","LENG9_MOUSE","Leukocyte receptor cluster member 9","Leng9","Mus musculus (Mouse)",485,"GO:0046872",NA,"metal ion binding [GO:0046872]",NA,NA,NA,NA,NA,NA,NA
"gene-LOC134688288|LOC134688288",24.5351897082355,1.39501343239564,0.603393514875906,0.000615108476488784,0.0403504624400527,"LOC134688288","lcl|NC_086382.1_cds_XP_063404917.1_39769","sp","F4KGU4","DEAHC","ARATH",35.546,889,524,18,799,3357,298,1173,4.01e-148,503,"reviewed","DEAHC_ARATH","ATP-dependent RNA helicase DEAH12, chloroplastic (EC 3.6.4.13)","At5g10370 F12B17_280","Arabidopsis thaliana (Mouse-ear cress)",1775,"GO:0003676; GO:0003724; GO:0005524; GO:0008270; GO:0009507; GO:0016740; GO:0016887",NA,"ATP binding [GO:0005524]; ATP hydrolysis activity [GO:0016887]; nucleic acid binding [GO:0003676]; RNA helicase activity [GO:0003724]; transferase activity [GO:0016740]; zinc ion binding [GO:0008270]","chloroplast [GO:0009507]","At5g10370",NA,NA,NA,NA,NA
"gene-LOC134721144|LOC134721144",11.2507386504854,1.36097409612955,0.580089748201221,0.000600257695658866,0.0403504624400527,"LOC134721144","lcl|NC_086378.1_cds_XP_063440012.1_24403","sp","P48416","CP10","LYMST",29.98,497,315,13,226,1680,69,544,2.66e-58,206,"reviewed","CP10_LYMST","Cytochrome P450 10 (EC 1.14.-.-) (CYPX)","CYP10","Lymnaea stagnalis (Great pond snail) (Helix stagnalis)",545,"GO:0004497; GO:0005506; GO:0005743; GO:0006700; GO:0006704; GO:0008203; GO:0016705; GO:0020037; GO:0034650; GO:0071375","C21-steroid hormone biosynthetic process [GO:0006700]; cellular response to peptide hormone stimulus [GO:0071375]; cholesterol metabolic process [GO:0008203]; cortisol metabolic process [GO:0034650]; glucocorticoid biosynthetic process [GO:0006704]","heme binding [GO:0020037]; iron ion binding [GO:0005506]; monooxygenase activity [GO:0004497]; oxidoreductase activity, acting on paired donors, with incorporation or reduction of molecular oxygen [GO:0016705]","mitochondrial inner membrane [GO:0005743]",NA,NA,NA,NA,NA,NA
"gene-LOC134724522|LOC134724522",65.0796494143396,1.16957558604155,0.400450873666386,0.00013267835905832,0.0155878117842232,"LOC134724522","lcl|NC_086379.1_cds_XP_063443662.1_27300","sp","D2XV59","GTPB1","RAT",68.603,551,165,3,127,1755,61,611,0,747,"reviewed","GTPB1_RAT","GTP-binding protein 1","Gtpbp1","Rattus norvegicus (Rat)",669,"GO:0000049; GO:0000177; GO:0002181; GO:0003746; GO:0003924; GO:0005525; GO:0005829; GO:0006414; GO:0046039; GO:0061014; GO:1904678","cytoplasmic translation [GO:0002181]; GTP metabolic process [GO:0046039]; positive regulation of mRNA catabolic process [GO:0061014]; translational elongation [GO:0006414]","alpha-aminoacyl-tRNA binding [GO:1904678]; GTP binding [GO:0005525]; GTPase activity [GO:0003924]; translation elongation factor activity [GO:0003746]; tRNA binding [GO:0000049]","cytoplasmic exosome (RNase complex) [GO:0000177]; cytosol [GO:0005829]",NA,NA,NA,NA,NA,NA
"gene-LOC134691224|LOC134691224",130.186417580062,1.1333388385383,0.205575048788033,1.76561905948362e-09,5.65776928849833e-06,"LOC134691224","lcl|NC_086383.1_cds_XP_063407654.1_42253","sp","Q8BL74","TF3C2","MOUSE",29.928,558,329,19,2374,3909,322,863,2.93e-54,209,"reviewed","TF3C2_MOUSE","General transcription factor 3C polypeptide 2 (TF3C-beta) (Transcription factor IIIC 110 kDa subunit) (TFIIIC 110 kDa subunit) (TFIIIC110) (Transcription factor IIIC subunit beta)","Gtf3c2 Kiaa0011","Mus musculus (Mouse)",907,"GO:0000127; GO:0005634; GO:0006383","transcription by RNA polymerase III [GO:0006383]",NA,"nucleus [GO:0005634]; transcription factor TFIIIC complex [GO:0000127]",NA,NA,NA,"R-MMU-76061;R-MMU-76066;",NA,NA
"gene-LOC134725059|LOC134725059",14.1757269219187,1.10673344755265,0.369067817291753,0.000106004943562404,0.0134943450405337,"LOC134725059","lcl|NC_086373.1_cds_XP_063444632.1_2264","sp","Q9VGZ5","CWO","DROME",38.624,189,72,7,130,639,11,174,8.56e-21,99.8,"reviewed","CWO_DROME","Transcription factor cwo (Protein clockwork orange)","cwo CG17100","Drosophila melanogaster (Fruit fly)",698,"GO:0000122; GO:0000978; GO:0000981; GO:0003700; GO:0005634; GO:0005654; GO:0006355; GO:0006357; GO:0007623; GO:0009952; GO:0032922; GO:0042752; GO:0046983; GO:0048813; GO:0050767","anterior/posterior pattern specification [GO:0009952]; circadian regulation of gene expression [GO:0032922]; circadian rhythm [GO:0007623]; dendrite morphogenesis [GO:0048813]; negative regulation of transcription by RNA polymerase II [GO:0000122]; regulation of circadian rhythm [GO:0042752]; regulation of DNA-templated transcription [GO:0006355]; regulation of neurogenesis [GO:0050767]; regulation of transcription by RNA polymerase II [GO:0006357]","DNA-binding transcription factor activity [GO:0003700]; DNA-binding transcription factor activity, RNA polymerase II-specific [GO:0000981]; protein dimerization activity [GO:0046983]; RNA polymerase II cis-regulatory region sequence-specific DNA binding [GO:0000978]","nucleoplasm [GO:0005654]; nucleus [GO:0005634]",NA,NA,NA,"R-DME-432408;",NA,NA
"gene-LOC134721294|LOC134721294",133.315138384106,1.07762311806622,0.323685415752319,3.6580161755774e-05,0.00733744512876794,"LOC134721294","lcl|NC_086378.1_cds_XP_063440247.1_24875","sp","Q9QXE4","T53I1","MOUSE",33.043,230,123,8,1,651,1,212,3.52e-21,92,"reviewed","T53I1_MOUSE","Tumor protein p53-inducible nuclear protein 1 (Stress-induced protein) (Thymus-expressed acidic protein) (TEAP) (p53-dependent damage-inducible nuclear protein 1) (p53DINP1)","Trp53inp1 Sip","Mus musculus (Mouse)",239,"GO:0000045; GO:0005634; GO:0005776; GO:0005829; GO:0006915; GO:0008285; GO:0009408; GO:0010508; GO:0010628; GO:0010629; GO:0016209; GO:0016605; GO:0030336; GO:0031410; GO:0034644; GO:0043065; GO:0045893; GO:0048102; GO:0048147; GO:0071361; GO:0071447; GO:0072703; GO:1904761","apoptotic process [GO:0006915]; autophagic cell death [GO:0048102]; autophagosome assembly [GO:0000045]; cellular response to ethanol [GO:0071361]; cellular response to hydroperoxide [GO:0071447]; cellular response to methyl methanesulfonate [GO:0072703]; cellular response to UV [GO:0034644]; negative regulation of cell migration [GO:0030336]; negative regulation of cell population proliferation [GO:0008285]; negative regulation of fibroblast proliferation [GO:0048147]; negative regulation of gene expression [GO:0010629]; negative regulation of myofibroblast differentiation [GO:1904761]; positive regulation of apoptotic process [GO:0043065]; positive regulation of autophagy [GO:0010508]; positive regulation of DNA-templated transcription [GO:0045893]; positive regulation of gene expression [GO:0010628]; response to heat [GO:0009408]","antioxidant activity [GO:0016209]","autophagosome [GO:0005776]; cytoplasmic vesicle [GO:0031410]; cytosol [GO:0005829]; nucleus [GO:0005634]; PML body [GO:0016605]",NA,"INDUCTION: By adriamycin, methymethane sulfonate, ethanol, H(2)O(2), ultraviolet irradiation and heat shock. Rapidly induced in acinar cells of the pancreas with acute pancreatitis upon caerulein treatment. {ECO:0000269|PubMed:11557757}.",NA,"R-MMU-6804756;",NA,NA
"gene-LOC134707977|LOC134707977",50.6755220452531,1.05762468974485,0.260832819897885,2.37149393897291e-06,0.00102648242916385,"LOC134707977","lcl|NC_086374.1_cds_XP_063424250.1_9708","sp","P06603","TBA1","DROME",99.537,432,2,0,1,1296,1,432,0,871,"reviewed","TBA1_DROME","Tubulin alpha-1 chain (EC 3.6.5.-)","alphaTub84B tubA84B CG1913","Drosophila melanogaster (Fruit fly)",450,"GO:0000226; GO:0000235; GO:0000278; GO:0005200; GO:0005525; GO:0005634; GO:0005737; GO:0005813; GO:0005819; GO:0005874; GO:0016787; GO:0032418; GO:0046872; GO:0048471","lysosome localization [GO:0032418]; microtubule cytoskeleton organization [GO:0000226]; mitotic cell cycle [GO:0000278]","GTP binding [GO:0005525]; hydrolase activity [GO:0016787]; metal ion binding [GO:0046872]; structural constituent of cytoskeleton [GO:0005200]","astral microtubule [GO:0000235]; centrosome [GO:0005813]; cytoplasm [GO:0005737]; microtubule [GO:0005874]; nucleus [GO:0005634]; perinuclear region of cytoplasm [GO:0048471]; spindle [GO:0005819]",NA,NA,NA,"R-DME-3371497;R-DME-6807878;R-DME-6811434;R-DME-6811436;R-DME-983189;",NA,NA
"gene-LOC134686666|LOC134686666",72.8206594862826,1.02023221841495,0.42757986278493,0.000580222016157777,0.0397645488406797,"LOC134686666","lcl|NC_086373.1_cds_XP_063402420.1_3857","sp","Q9PU85","PIM3","COTJA",63.197,269,93,3,10,813,28,291,5.36e-115,338,"reviewed","PIM3_COTJA","Serine/threonine-protein kinase pim-3 (EC 2.7.11.1) (qpim)","PIM3 PIM-3","Coturnix japonica (Japanese quail) (Coturnix coturnix japonica)",323,"GO:0004674; GO:0005524; GO:0005737; GO:0007346; GO:0043066; GO:0106310","negative regulation of apoptotic process [GO:0043066]; regulation of mitotic cell cycle [GO:0007346]","ATP binding [GO:0005524]; protein serine kinase activity [GO:0106310]; protein serine/threonine kinase activity [GO:0004674]","cytoplasm [GO:0005737]",NA,NA,NA,NA,NA,NA
"gene-LOC134683075|LOC134683075",13.2233491015681,0.950045203922246,0.303865341023021,7.77341964544708e-05,0.0114158219935994,"LOC134683075","lcl|NC_086381.1_cds_XP_063398203.1_36251","sp","Q6AXM9","RLIG1","RAT",46.224,331,168,3,1,993,1,321,3.29e-97,294,"reviewed","RLIG1_RAT","RNA ligase 1 (EC 6.5.1.3) (RNA ligase) (Rnl)",NA,"Rattus norvegicus (Rat)",325,"GO:0000302; GO:0002244; GO:0003972; GO:0005524; GO:0042245","hematopoietic progenitor cell differentiation [GO:0002244]; response to reactive oxygen species [GO:0000302]; RNA repair [GO:0042245]","ATP binding [GO:0005524]; RNA ligase (ATP) activity [GO:0003972]",NA,NA,NA,NA,NA,NA,NA
"gene-LOC134695854|LOC134695854",538.607617121762,0.939038205707387,0.221101981341013,1.1909251276835e-06,0.000612135515629318,"LOC134695854","lcl|NC_086386.1_cds_XP_063413371.1_49371","sp","P68372","TBB4B","MOUSE",99.535,430,2,0,1,1290,1,430,0,861,"reviewed","TBB4B_MOUSE","Tubulin beta-4B chain (Tubulin beta-2C chain)","Tubb4b Tubb2c","Mus musculus (Mouse)",445,"GO:0000226; GO:0000278; GO:0003725; GO:0003924; GO:0005200; GO:0005525; GO:0005737; GO:0005874; GO:0005879; GO:0007017; GO:0043209; GO:0045171; GO:0045298; GO:0046872; GO:0072686","microtubule cytoskeleton organization [GO:0000226]; microtubule-based process [GO:0007017]; mitotic cell cycle [GO:0000278]","double-stranded RNA binding [GO:0003725]; GTP binding [GO:0005525]; GTPase activity [GO:0003924]; metal ion binding [GO:0046872]; structural constituent of cytoskeleton [GO:0005200]","axonemal microtubule [GO:0005879]; cytoplasm [GO:0005737]; intercellular bridge [GO:0045171]; microtubule [GO:0005874]; mitotic spindle [GO:0072686]; myelin sheath [GO:0043209]; tubulin complex [GO:0045298]",NA,NA,NA,"R-MMU-190840;R-MMU-2132295;R-MMU-2467813;R-MMU-2500257;R-MMU-2565942;R-MMU-3371497;R-MMU-380259;R-MMU-380270;R-MMU-380284;R-MMU-380320;R-MMU-437239;R-MMU-5610787;R-MMU-5617833;R-MMU-5620912;R-MMU-5620924;R-MMU-5626467;R-MMU-5663220;R-MMU-6798695;R-MMU-6807878;R-MMU-6811434;R-MMU-6811436;R-MMU-68877;R-MMU-8852276;R-MMU-8854518;R-MMU-8955332;R-MMU-9646399;R-MMU-9648025;R-MMU-9668328;R-MMU-983189;R-MMU-9833482;",NA,NA
"gene-LOC134680850|LOC134680850",49.907969600264,0.887961261460729,0.329862166021409,0.00028624930021712,0.0250437685636765,"LOC134680850","lcl|NC_086380.1_cds_XP_063396189.1_32268","sp","Q5EAJ7","MVP","STRPU",75.558,851,199,6,10,2547,3,849,0,1308,"reviewed","MVP_STRPU","Major vault protein (MVP)","MVP","Strongylocentrotus purpuratus (Purple sea urchin)",857,"GO:0005634; GO:0005737; GO:1990904",NA,NA,"cytoplasm [GO:0005737]; nucleus [GO:0005634]; ribonucleoprotein complex [GO:1990904]",NA,NA,NA,NA,NA,NA
"gene-LOC134728292|LOC134728292",175.897330012515,0.882677833017381,0.24392237443727,1.39751521811771e-05,0.00410470184064289,"LOC134728292","lcl|NC_086380.1_cds_XP_063448912.1_31392","sp","Q9Z0J4","NOS1","MOUSE",47.895,1449,677,21,52,4314,14,1412,0,1347,"reviewed","NOS1_MOUSE","Nitric oxide synthase 1 (EC 1.14.13.39) (Constitutive NOS) (NC-NOS) (NOS type I) (Neuronal NOS) (N-NOS) (nNOS) (Nitric oxide synthase, brain) (bNOS) (Peptidyl-cysteine S-nitrosylase NOS1)","Nos1","Mus musculus (Mouse)",1429,"GO:0001917; GO:0002028; GO:0004517; GO:0005516; GO:0005634; GO:0005737; GO:0005739; GO:0005741; GO:0005829; GO:0005856; GO:0005886; GO:0006527; GO:0006809; GO:0006813; GO:0006816; GO:0006941; GO:0007263; GO:0008270; GO:0008285; GO:0009725; GO:0010181; GO:0014069; GO:0017080; GO:0019899; GO:0020037; GO:0030018; GO:0030141; GO:0030315; GO:0030425; GO:0031965; GO:0032496; GO:0032991; GO:0033017; GO:0033137; GO:0034760; GO:0042178; GO:0042311; GO:0042383; GO:0042582; GO:0042802; GO:0043066; GO:0043197; GO:0043267; GO:0043434; GO:0043524; GO:0043627; GO:0044305; GO:0044325; GO:0045121; GO:0045184; GO:0045202; GO:0045776; GO:0045893; GO:0045906; GO:0045944; GO:0046676; GO:0046870; GO:0048148; GO:0048306; GO:0048471; GO:0050660; GO:0050661; GO:0050767; GO:0051117; GO:0051219; GO:0051481; GO:0051612; GO:0051649; GO:0051926; GO:0060078; GO:0061875; GO:0070402; GO:0071260; GO:0071363; GO:0071872; GO:0071944; GO:0097110; GO:0098735; GO:0098924; GO:0098978; GO:0099091; GO:0099092; GO:0099163; GO:0106071; GO:1900273; GO:1902307","arginine catabolic process [GO:0006527]; behavioral response to cocaine [GO:0048148]; calcium ion transport [GO:0006816]; cellular response to epinephrine stimulus [GO:0071872]; cellular response to growth factor stimulus [GO:0071363]; cellular response to mechanical stimulus [GO:0071260]; establishment of localization in cell [GO:0051649]; establishment of protein localization [GO:0045184]; negative regulation of apoptotic process [GO:0043066]; negative regulation of blood pressure [GO:0045776]; negative regulation of calcium ion transport [GO:0051926]; negative regulation of cell population proliferation [GO:0008285]; negative regulation of cytosolic calcium ion concentration [GO:0051481]; negative regulation of hepatic stellate cell contraction [GO:0061875]; negative regulation of insulin secretion [GO:0046676]; negative regulation of iron ion transmembrane transport [GO:0034760]; negative regulation of neuron apoptotic process [GO:0043524]; negative regulation of peptidyl-serine phosphorylation [GO:0033137]; negative regulation of potassium ion transport [GO:0043267]; negative regulation of serotonin uptake [GO:0051612]; negative regulation of vasoconstriction [GO:0045906]; nitric oxide biosynthetic process [GO:0006809]; nitric oxide mediated signal transduction [GO:0007263]; positive regulation of adenylate cyclase-activating G protein-coupled receptor signaling pathway [GO:0106071]; positive regulation of DNA-templated transcription [GO:0045893]; positive regulation of long-term synaptic potentiation [GO:1900273]; positive regulation of sodium ion transmembrane transport [GO:1902307]; positive regulation of the force of heart contraction [GO:0098735]; positive regulation of transcription by RNA polymerase II [GO:0045944]; potassium ion transport [GO:0006813]; regulation of neurogenesis [GO:0050767]; regulation of postsynaptic membrane potential [GO:0060078]; regulation of sodium ion transport [GO:0002028]; response to estrogen [GO:0043627]; response to hormone [GO:0009725]; response to lipopolysaccharide [GO:0032496]; response to peptide hormone [GO:0043434]; retrograde trans-synaptic signaling by nitric oxide [GO:0098924]; striated muscle contraction [GO:0006941]; synaptic signaling by nitric oxide [GO:0099163]; vasodilation [GO:0042311]; xenobiotic catabolic process [GO:0042178]","ATPase binding [GO:0051117]; cadmium ion binding [GO:0046870]; calcium-dependent protein binding [GO:0048306]; calmodulin binding [GO:0005516]; enzyme binding [GO:0019899]; flavin adenine dinucleotide binding [GO:0050660]; FMN binding [GO:0010181]; heme binding [GO:0020037]; identical protein binding [GO:0042802]; NADP binding [GO:0050661]; NADPH binding [GO:0070402]; nitric-oxide synthase activity [GO:0004517]; phosphoprotein binding [GO:0051219]; scaffold protein binding [GO:0097110]; sodium channel regulator activity [GO:0017080]; transmembrane transporter binding [GO:0044325]; zinc ion binding [GO:0008270]","azurophil granule [GO:0042582]; calyx of Held [GO:0044305]; cell periphery [GO:0071944]; cytoplasm [GO:0005737]; cytoskeleton [GO:0005856]; cytosol [GO:0005829]; dendrite [GO:0030425]; dendritic spine [GO:0043197]; glutamatergic synapse [GO:0098978]; membrane raft [GO:0045121]; mitochondrial outer membrane [GO:0005741]; mitochondrion [GO:0005739]; nuclear membrane [GO:0031965]; nucleus [GO:0005634]; perinuclear region of cytoplasm [GO:0048471]; photoreceptor inner segment [GO:0001917]; plasma membrane [GO:0005886]; postsynaptic density [GO:0014069]; postsynaptic density, intracellular component [GO:0099092]; postsynaptic specialization, intracellular component [GO:0099091]; protein-containing complex [GO:0032991]; sarcolemma [GO:0042383]; sarcoplasmic reticulum membrane [GO:0033017]; secretory granule [GO:0030141]; synapse [GO:0045202]; T-tubule [GO:0030315]; Z disc [GO:0030018]",NA,"INDUCTION: By cholinergic agonists acting at inositol phosphate-linked muscarinic receptors in cardiac myocytes.",NA,"R-MMU-1222556;R-MMU-392154;R-MMU-5578775;",NA,"Q05769; Q60857"
"gene-LOC134714716|LOC134714716",281.62901143636,0.859692122777872,0.195418700500709,5.80267342213887e-07,0.000397676551863917,"LOC134714716","lcl|NC_086373.1_cds_XP_063432290.1_481","sp","P62325","BTG1","MOUSE",52.174,115,55,0,10,354,14,128,8.07e-43,142,"reviewed","BTG1_MOUSE","Protein BTG1 (B-cell translocation gene 1 protein)","Btg1","Mus musculus (Mouse)",171,"GO:0005634; GO:0005737; GO:0006979; GO:0007283; GO:0008283; GO:0008285; GO:0019899; GO:0043085; GO:0043434; GO:0045603; GO:0045663; GO:0045766; GO:0045930; GO:2000271","cell population proliferation [GO:0008283]; negative regulation of cell population proliferation [GO:0008285]; negative regulation of mitotic cell cycle [GO:0045930]; positive regulation of angiogenesis [GO:0045766]; positive regulation of catalytic activity [GO:0043085]; positive regulation of endothelial cell differentiation [GO:0045603]; positive regulation of fibroblast apoptotic process [GO:2000271]; positive regulation of myoblast differentiation [GO:0045663]; response to oxidative stress [GO:0006979]; response to peptide hormone [GO:0043434]; spermatogenesis [GO:0007283]","enzyme binding [GO:0019899]","cytoplasm [GO:0005737]; nucleus [GO:0005634]",NA,NA,NA,NA,NA,NA
"gene-LOC134712215|LOC134712215",26.9245432153122,0.851155053268134,0.268840586433043,7.28439961005995e-05,0.0113031891307798,"LOC134712215","lcl|NC_086375.1_cds_XP_063429613.1_14607","sp","P59722","EGLN1","RAT",59.817,219,86,1,610,1266,107,323,1.99e-96,296,"reviewed","EGLN1_RAT","Egl nine homolog 1 (EC 1.14.11.29) (Hypoxia-inducible factor prolyl hydroxylase 2) (HIF-PH2) (HIF-prolyl hydroxylase 2) (HPH-2) (Prolyl hydroxylase domain-containing protein 2) (PHD2)","Egln1","Rattus norvegicus (Rat)",338,"GO:0001666; GO:0005634; GO:0005737; GO:0006879; GO:0008198; GO:0014069; GO:0016706; GO:0019899; GO:0031418; GO:0031543; GO:0031545; GO:0032364; GO:0043065; GO:0043525; GO:0045765; GO:0045944; GO:0051344; GO:0055008; GO:0060347; GO:0060412; GO:0060711; GO:0071456; GO:0071731; GO:0098978; GO:0099159; GO:0140252; GO:0160082; GO:1905290","cardiac muscle tissue morphogenesis [GO:0055008]; cellular response to hypoxia [GO:0071456]; heart trabecula formation [GO:0060347]; intracellular iron ion homeostasis [GO:0006879]; intracellular oxygen homeostasis [GO:0032364]; labyrinthine layer development [GO:0060711]; negative regulation of CAMKK-AMPK signaling cascade [GO:1905290]; negative regulation of cyclic-nucleotide phosphodiesterase activity [GO:0051344]; positive regulation of apoptotic process [GO:0043065]; positive regulation of neuron apoptotic process [GO:0043525]; positive regulation of transcription by RNA polymerase II [GO:0045944]; regulation of angiogenesis [GO:0045765]; regulation of modification of postsynaptic structure [GO:0099159]; regulation protein catabolic process at postsynapse [GO:0140252]; response to hypoxia [GO:0001666]; response to nitric oxide [GO:0071731]; ventricular septum morphogenesis [GO:0060412]","2-oxoglutarate-dependent dioxygenase activity [GO:0016706]; enzyme binding [GO:0019899]; ferrous iron binding [GO:0008198]; hypoxia-inducible factor-proline dioxygenase activity [GO:0160082]; L-ascorbic acid binding [GO:0031418]; peptidyl-proline 4-dioxygenase activity [GO:0031545]; peptidyl-proline dioxygenase activity [GO:0031543]","cytoplasm [GO:0005737]; glutamatergic synapse [GO:0098978]; nucleus [GO:0005634]; postsynaptic density [GO:0014069]",NA,"INDUCTION: Up-regulated by hypoxia especially in liver and testis. Levels up-regulated also in myocardial infarction predominantly in cardiomyocytes. {ECO:0000269|PubMed:12876291, ECO:0000269|PubMed:16765982}.",NA,"R-RNO-1234176;",NA,NA
"gene-LOC134680849|LOC134680849",99.8523670790487,0.835041686571717,0.241615219624624,2.69152686300571e-05,0.00655435523298869,"LOC134680849","lcl|NC_086380.1_cds_XP_063396183.1_32262","sp","Q5EAJ7","MVP","STRPU",77.203,851,190,4,1,2547,1,849,0,1263,"reviewed","MVP_STRPU","Major vault protein (MVP)","MVP","Strongylocentrotus purpuratus (Purple sea urchin)",857,"GO:0005634; GO:0005737; GO:1990904",NA,NA,"cytoplasm [GO:0005737]; nucleus [GO:0005634]; ribonucleoprotein complex [GO:1990904]",NA,NA,NA,NA,NA,NA
"gene-LOC134722222|LOC134722222",41.4227221936879,0.826688938521879,0.305274240801511,0.000294866882330773,0.0255088982194349,"LOC134722222","lcl|NC_086378.1_cds_XP_063441905.1_27104","sp","P53568","CEBPG","MOUSE",51.579,95,46,0,82,366,54,148,9.49e-25,95.5,"reviewed","CEBPG_MOUSE","CCAAT/enhancer-binding protein gamma (C/EBP gamma) (Granulocyte colony-stimulating factor promoter element 1-binding protein) (GPE1-BP) (GPE1-binding protein) (Immunoglobulin enhancer-binding protein 1) (IG/EBP-1)","Cebpg","Mus musculus (Mouse)",150,"GO:0000978; GO:0000981; GO:0001889; GO:0003677; GO:0003690; GO:0005634; GO:0005654; GO:0006337; GO:0006338; GO:0006351; GO:0006357; GO:0006955; GO:0016071; GO:0030183; GO:0032729; GO:0042267; GO:0043353; GO:0043433; GO:0043565; GO:0044377; GO:0044877; GO:0045739; GO:0090575; GO:0140297","B cell differentiation [GO:0030183]; chromatin remodeling [GO:0006338]; DNA-templated transcription [GO:0006351]; enucleate erythrocyte differentiation [GO:0043353]; immune response [GO:0006955]; liver development [GO:0001889]; mRNA metabolic process [GO:0016071]; natural killer cell mediated cytotoxicity [GO:0042267]; negative regulation of DNA-binding transcription factor activity [GO:0043433]; nucleosome disassembly [GO:0006337]; positive regulation of DNA repair [GO:0045739]; positive regulation of type II interferon production [GO:0032729]; regulation of transcription by RNA polymerase II [GO:0006357]","DNA binding [GO:0003677]; DNA-binding transcription factor activity, RNA polymerase II-specific [GO:0000981]; DNA-binding transcription factor binding [GO:0140297]; double-stranded DNA binding [GO:0003690]; protein-containing complex binding [GO:0044877]; RNA polymerase II cis-regulatory region sequence-specific DNA binding [GO:0000978]; RNA polymerase II cis-regulatory region sequence-specific DNA binding, bending [GO:0044377]; sequence-specific DNA binding [GO:0043565]","nucleoplasm [GO:0005654]; nucleus [GO:0005634]; RNA polymerase II transcription regulator complex [GO:0090575]",NA,NA,NA,NA,NA,NA
"gene-LOC134706593|LOC134706593",58.359146853464,0.800254508092355,0.301318243901871,0.000333788002161506,0.0269124757821198,"LOC134706593","lcl|NC_086374.1_cds_XP_063421732.1_6655","sp","Q91VY9","ZN622","MOUSE",53.617,235,99,6,589,1278,247,476,7.6e-79,254,"reviewed","ZN622_MOUSE","Cytoplasmic 60S subunit biogenesis factor ZNF622 (Zinc finger protein 622)","Znf622 D15Ertd806e Zfp622","Mus musculus (Mouse)",476,"GO:0003676; GO:0005654; GO:0005730; GO:0005794; GO:0005829; GO:0008270; GO:0008631; GO:0030687; GO:0042273; GO:0043065; GO:0046330; GO:1990275","intrinsic apoptotic signaling pathway in response to oxidative stress [GO:0008631]; positive regulation of apoptotic process [GO:0043065]; positive regulation of JNK cascade [GO:0046330]; ribosomal large subunit biogenesis [GO:0042273]","nucleic acid binding [GO:0003676]; preribosome binding [GO:1990275]; zinc ion binding [GO:0008270]","cytosol [GO:0005829]; Golgi apparatus [GO:0005794]; nucleolus [GO:0005730]; nucleoplasm [GO:0005654]; preribosome, large subunit precursor [GO:0030687]",NA,NA,NA,NA,NA,NA
"gene-LOC134705709|LOC134705709",17.1445253744731,0.792562989347142,0.233750745461334,3.42185583238449e-05,0.00722537743358832,"LOC134705709","lcl|NC_086374.1_cds_XP_063420499.1_7494","sp","Q28GD4","ELAV2","XENTR",42.675,314,172,3,13,936,57,368,1.45e-83,271,"reviewed","ELAV2_XENTR","ELAV-like protein 2 (Protein ElrB)","elavl2 elrB TEgg126j06.1","Xenopus tropicalis (Western clawed frog) (Silurana tropicalis)",375,"GO:0003723; GO:0005938; GO:1990904",NA,"RNA binding [GO:0003723]","cell cortex [GO:0005938]; ribonucleoprotein complex [GO:1990904]",NA,NA,NA,NA,NA,NA
"gene-LOC134706701|LOC134706701",83.8450599566866,0.75957266647192,0.247683146606616,0.000105479700780654,0.0134943450405337,"LOC134706701","lcl|NC_086374.1_cds_XP_063421946.1_6892","sp","Q91827","AR1","XENLA",35.45,189,99,4,82,603,47,227,3.04e-38,135,"reviewed","AR1_XENLA","Apoptosis regulator R1 (XR1)",NA,"Xenopus laevis (African clawed frog)",228,"GO:0005741; GO:0008630; GO:0042803; GO:0046982; GO:0097192; GO:2001243","extrinsic apoptotic signaling pathway in absence of ligand [GO:0097192]; intrinsic apoptotic signaling pathway in response to DNA damage [GO:0008630]; negative regulation of intrinsic apoptotic signaling pathway [GO:2001243]","protein heterodimerization activity [GO:0046982]; protein homodimerization activity [GO:0042803]","mitochondrial outer membrane [GO:0005741]",NA,NA,NA,NA,NA,NA
"gene-LOC134695781|LOC134695781",98.7936080337636,0.749924526951457,0.244896437733583,0.000106655207640405,0.0134943450405337,"LOC134695781","lcl|NC_086386.1_cds_XP_063413261.1_49276","sp","Q94738","HSP97","MESFR",49.022,818,387,5,7,2379,4,818,0,742,"reviewed","HSP97_MESFR","97 kDa heat shock protein (Heat shock protein 110)","HSP110","Mesocentrotus franciscanus (Giant red sea urchin) (Strongylocentrotus franciscanus)",886,"GO:0005524; GO:0005634; GO:0005829; GO:0140662",NA,"ATP binding [GO:0005524]; ATP-dependent protein folding chaperone [GO:0140662]","cytosol [GO:0005829]; nucleus [GO:0005634]",NA,NA,NA,NA,NA,NA
"gene-LOC134716168|LOC134716168",100.542653053654,-0.356180980152634,0.127698330237565,0.000586170227133194,0.0398401979168875,"LOC134716168","lcl|NC_086376.1_cds_XP_063435038.1_20041","sp","Q14203","DCTN1","HUMAN",42.209,1322,642,20,73,3951,45,1273,0,921,"reviewed","DCTN1_HUMAN","Dynactin subunit 1 (150 kDa dynein-associated polypeptide) (DAP-150) (DP-150) (p135) (p150-glued)","DCTN1","Homo sapiens (Human)",1278,"GO:0000132; GO:0000278; GO:0000776; GO:0000922; GO:0005635; GO:0005737; GO:0005813; GO:0005814; GO:0005819; GO:0005829; GO:0005874; GO:0005875; GO:0005938; GO:0007097; GO:0007399; GO:0007528; GO:0008017; GO:0010457; GO:0015630; GO:0015631; GO:0016020; GO:0019901; GO:0021517; GO:0030286; GO:0030424; GO:0031116; GO:0031252; GO:0032402; GO:0034454; GO:0035371; GO:0036064; GO:0042147; GO:0043005; GO:0043025; GO:0045171; GO:0048156; GO:0050905; GO:0051081; GO:0051301; GO:0060236; GO:0061744; GO:0070050; GO:0072686; GO:0090063; GO:0099558; GO:0099738; GO:0120103; GO:1904398; GO:1905515; GO:1990535","cell division [GO:0051301]; centriole-centriole cohesion [GO:0010457]; establishment of mitotic spindle orientation [GO:0000132]; maintenance of synapse structure [GO:0099558]; melanosome transport [GO:0032402]; microtubule anchoring at centrosome [GO:0034454]; mitotic cell cycle [GO:0000278]; motor behavior [GO:0061744]; nervous system development [GO:0007399]; neuromuscular junction development [GO:0007528]; neuromuscular process [GO:0050905]; neuron cellular homeostasis [GO:0070050]; neuron projection maintenance [GO:1990535]; non-motile cilium assembly [GO:1905515]; nuclear membrane disassembly [GO:0051081]; nuclear migration [GO:0007097]; positive regulation of microtubule nucleation [GO:0090063]; positive regulation of microtubule polymerization [GO:0031116]; positive regulation of neuromuscular junction development [GO:1904398]; regulation of mitotic spindle organization [GO:0060236]; retrograde transport, endosome to Golgi [GO:0042147]; ventral spinal cord development [GO:0021517]","microtubule binding [GO:0008017]; protein kinase binding [GO:0019901]; tau protein binding [GO:0048156]; tubulin binding [GO:0015631]","axon [GO:0030424]; cell cortex [GO:0005938]; cell cortex region [GO:0099738]; cell leading edge [GO:0031252]; centriolar subdistal appendage [GO:0120103]; centriole [GO:0005814]; centrosome [GO:0005813]; ciliary basal body [GO:0036064]; cytoplasm [GO:0005737]; cytosol [GO:0005829]; dynein complex [GO:0030286]; intercellular bridge [GO:0045171]; kinetochore [GO:0000776]; membrane [GO:0016020]; microtubule [GO:0005874]; microtubule associated complex [GO:0005875]; microtubule cytoskeleton [GO:0015630]; microtubule plus-end [GO:0035371]; mitotic spindle [GO:0072686]; neuron projection [GO:0043005]; neuronal cell body [GO:0043025]; nuclear envelope [GO:0005635]; spindle [GO:0005819]; spindle pole [GO:0000922]",NA,NA,"Q14203;","R-HSA-2132295;R-HSA-2565942 [Q14203-2];R-HSA-3371497;R-HSA-380259 [Q14203-2];R-HSA-380270 [Q14203-2];R-HSA-380284 [Q14203-2];R-HSA-380320 [Q14203-2];R-HSA-381038;R-HSA-5620912 [Q14203-2];R-HSA-6807878;R-HSA-6811436;R-HSA-8854518 [Q14203-2];R-HSA-9725370;",NA,"P42025; Q96RK4; P30622-1; Q15691; P10636-8; Q9UNH7; P54256; Q6ZTN6-2; P63010-2; P05067; O95671; P18847; P46379-2; Q8NFJ9; O15392; Q8WUW1; P42574; Q9UNS2; O75935-2; O60479; O14576-2; Q8TC29; Q6NXG1; Q9UHY8; Q9UBN7; Q8IY31-3; Q6DN90-2; Q96EK5; Q9Y2M5; Q96JM7-2; Q9BYZ2; O95777; P43360; P10636-6; A4FUJ8; Q8N594; O15381-5; Q96FW1; Q6GQQ9-2; Q9BR81; Q9NV79; P17980; Q9UJ41-4; Q9ULX5; Q8IYW5; Q96D59; Q92834-6; Q8N488; Q15436; Q9GZS3; Q9HCE7-2; Q99932-2; O75886; Q15554-4; Q71RG4-4; Q9H0E2; P19474; Q8WVJ9; P62987; Q9BSL1; Q8NBM4-4; P57075-2; Q04323-2; Q96RL1-2; O00308"
"gene-LOC134716333|LOC134716333",47.8969814083568,-0.390305787811201,0.14038185041812,0.000518942445360652,0.0367436199535338,"LOC134716333","lcl|NC_086376.1_cds_XP_063435328.1_20392","sp","O95263","PDE8B","HUMAN",52.598,789,313,6,229,2526,119,869,0,846,"reviewed","PDE8B_HUMAN","High affinity cAMP-specific and IBMX-insensitive 3',5'-cyclic phosphodiesterase 8B (HsPDE8B) (EC 3.1.4.53) (Cell proliferation-inducing gene 22 protein)","PDE8B PIG22","Homo sapiens (Human)",885,"GO:0001662; GO:0004115; GO:0005634; GO:0005829; GO:0006198; GO:0008542; GO:0019933; GO:0035106; GO:0046872; GO:0047555; GO:0048471; GO:0050885; GO:0061179; GO:0070374; GO:0090032","behavioral fear response [GO:0001662]; cAMP catabolic process [GO:0006198]; cAMP-mediated signaling [GO:0019933]; negative regulation of insulin secretion involved in cellular response to glucose stimulus [GO:0061179]; negative regulation of steroid hormone biosynthetic process [GO:0090032]; neuromuscular process controlling balance [GO:0050885]; operant conditioning [GO:0035106]; positive regulation of ERK1 and ERK2 cascade [GO:0070374]; visual learning [GO:0008542]","3',5'-cyclic-AMP phosphodiesterase activity [GO:0004115]; 3',5'-cyclic-GMP phosphodiesterase activity [GO:0047555]; metal ion binding [GO:0046872]","cytosol [GO:0005829]; nucleus [GO:0005634]; perinuclear region of cytoplasm [GO:0048471]",NA,NA,"O95263;","R-HSA-418555;","UPA00762;",NA
"gene-LOC134711700|LOC134711700",103.9760807214,-0.398186274518383,0.135582109187681,0.000320622847561801,0.0261069534489926,"LOC134711700","lcl|NC_086375.1_cds_XP_063428551.1_13406","sp","Q8VE97","SRSF4","MOUSE",65,200,44,1,7,606,2,175,5.55e-75,239,"reviewed","SRSF4_MOUSE","Serine/arginine-rich splicing factor 4 (Splicing factor, arginine/serine-rich 4)","Srsf4 Sfrs4 MNCb-2616","Mus musculus (Mouse)",489,"GO:0002244; GO:0003729; GO:0005634; GO:0005737; GO:0006397; GO:0008380; GO:0016607; GO:0048025; GO:1990825; GO:1990904","hematopoietic progenitor cell differentiation [GO:0002244]; mRNA processing [GO:0006397]; negative regulation of mRNA splicing, via spliceosome [GO:0048025]; RNA splicing [GO:0008380]","mRNA binding [GO:0003729]; sequence-specific mRNA binding [GO:1990825]","cytoplasm [GO:0005737]; nuclear speck [GO:0016607]; nucleus [GO:0005634]; ribonucleoprotein complex [GO:1990904]",NA,NA,NA,NA,NA,NA
"gene-LOC134721274|LOC134721274",34.9532164328029,-0.404259529164056,0.156506647547595,0.000833774466316364,0.0469654877464779,"LOC134721274","lcl|NC_086378.1_cds_XP_063440217.1_24841","sp","Q1LUE5","ZCH18","DANRE",38.532,218,84,5,2200,2715,312,525,3.11e-21,105,"reviewed","ZCH18_DANRE","Zinc finger CCCH domain-containing protein 18","zc3h18 si:ch211-218c6.1","Danio rerio (Zebrafish) (Brachydanio rerio)",1148,"GO:0005634",NA,NA,"nucleus [GO:0005634]",NA,NA,NA,NA,NA,NA
"gene-LOC134722163|LOC134722163",219.382028286459,-0.412008351221678,0.113209351244274,2.74856234722829e-05,0.00655435523298869,"LOC134722163","lcl|NC_086378.1_cds_XP_063441799.1_26975","sp","Q6RWA9","AT1A","TAESO",77.691,1022,214,6,40,3099,5,1014,0,1544,"reviewed","AT1A_TAESO","Sodium/potassium-transporting ATPase subunit alpha (Na(+)/K(+) ATPase alpha subunit) (EC 7.2.2.13) (Sodium pump subunit alpha) (TNaK1-alpha)",NA,"Taenia solium (Pork tapeworm)",1014,"GO:0005391; GO:0005524; GO:0005886; GO:0006883; GO:0016887; GO:0030007; GO:0036376; GO:0046872; GO:1902600; GO:1990573","intracellular potassium ion homeostasis [GO:0030007]; intracellular sodium ion homeostasis [GO:0006883]; potassium ion import across plasma membrane [GO:1990573]; proton transmembrane transport [GO:1902600]; sodium ion export across plasma membrane [GO:0036376]","ATP binding [GO:0005524]; ATP hydrolysis activity [GO:0016887]; metal ion binding [GO:0046872]; P-type sodium:potassium-exchanging transporter activity [GO:0005391]","plasma membrane [GO:0005886]",NA,NA,NA,NA,NA,NA
"gene-LOC134687111|LOC134687111",55.2935436017649,-0.417734012840546,0.150341738297432,0.000475906018362978,0.034945099062653,"LOC134687111","lcl|NC_086382.1_cds_XP_063403180.1_38241","sp","Q8VIJ6","SFPQ","MOUSE",55.642,257,114,0,364,1134,282,538,2.61e-90,296,"reviewed","SFPQ_MOUSE","Splicing factor, proline- and glutamine-rich (DNA-binding p52/p100 complex, 100 kDa subunit) (Polypyrimidine tract-binding protein-associated-splicing factor) (PSF) (PTB-associated-splicing factor)","Sfpq Psf","Mus musculus (Mouse)",699,"GO:0000380; GO:0000724; GO:0000976; GO:0003682; GO:0003723; GO:0005634; GO:0006338; GO:0006355; GO:0006974; GO:0016363; GO:0016607; GO:0032839; GO:0042382; GO:0042752; GO:0042754; GO:0045087; GO:0045876; GO:0045892; GO:0045944; GO:0048511; GO:0051276; GO:0051726; GO:0090575; GO:0098963","alternative mRNA splicing, via spliceosome [GO:0000380]; chromatin remodeling [GO:0006338]; chromosome organization [GO:0051276]; dendritic transport of messenger ribonucleoprotein complex [GO:0098963]; DNA damage response [GO:0006974]; double-strand break repair via homologous recombination [GO:0000724]; innate immune response [GO:0045087]; negative regulation of circadian rhythm [GO:0042754]; negative regulation of DNA-templated transcription [GO:0045892]; positive regulation of sister chromatid cohesion [GO:0045876]; positive regulation of transcription by RNA polymerase II [GO:0045944]; regulation of cell cycle [GO:0051726]; regulation of circadian rhythm [GO:0042752]; regulation of DNA-templated transcription [GO:0006355]; rhythmic process [GO:0048511]","chromatin binding [GO:0003682]; RNA binding [GO:0003723]; transcription cis-regulatory region binding [GO:0000976]","dendrite cytoplasm [GO:0032839]; nuclear matrix [GO:0016363]; nuclear speck [GO:0016607]; nucleus [GO:0005634]; paraspeckles [GO:0042382]; RNA polymerase II transcription regulator complex [GO:0090575]",NA,NA,NA,"R-MMU-8849468;",NA,"O88609; Q8R326"
"gene-LOC134710931|LOC134710931",87.7496729984279,-0.443762590622367,0.126274531878653,3.93100331327626e-05,0.0073474025564509,"LOC134710931","lcl|NC_086375.1_cds_XP_063427420.1_12166","sp","P57103","NAC3","HUMAN",57.03,889,345,13,121,2706,46,924,0,944,"reviewed","NAC3_HUMAN","Sodium/calcium exchanger 3 (Na(+)/Ca(2+)-exchange protein 3) (Solute carrier family 8 member 3)","SLC8A3 NCX3","Homo sapiens (Human)",927,"GO:0002244; GO:0005432; GO:0005516; GO:0005741; GO:0005789; GO:0005886; GO:0006811; GO:0006851; GO:0006874; GO:0007154; GO:0007611; GO:0007612; GO:0007613; GO:0014069; GO:0014819; GO:0016528; GO:0030424; GO:0030425; GO:0031594; GO:0035725; GO:0042383; GO:0042552; GO:0043025; GO:0043197; GO:0043204; GO:0043679; GO:0045202; GO:0046872; GO:0048471; GO:0048709; GO:0050808; GO:0051560; GO:0060291; GO:0070161; GO:0070588; GO:0071456; GO:0071901; GO:0098703; GO:0098794; GO:0098815; GO:0099580; GO:1903779","calcium ion import across plasma membrane [GO:0098703]; calcium ion transmembrane transport [GO:0070588]; cell communication [GO:0007154]; cellular response to hypoxia [GO:0071456]; hematopoietic progenitor cell differentiation [GO:0002244]; intracellular calcium ion homeostasis [GO:0006874]; learning [GO:0007612]; learning or memory [GO:0007611]; long-term synaptic potentiation [GO:0060291]; memory [GO:0007613]; mitochondrial calcium ion homeostasis [GO:0051560]; mitochondrial calcium ion transmembrane transport [GO:0006851]; modulation of excitatory postsynaptic potential [GO:0098815]; monoatomic ion transport [GO:0006811]; myelination [GO:0042552]; negative regulation of protein serine/threonine kinase activity [GO:0071901]; oligodendrocyte differentiation [GO:0048709]; regulation of cardiac conduction [GO:1903779]; regulation of skeletal muscle contraction [GO:0014819]; sodium ion transmembrane transport [GO:0035725]; synapse organization [GO:0050808]","calcium:sodium antiporter activity [GO:0005432]; calmodulin binding [GO:0005516]; metal ion binding [GO:0046872]; monoatomic ion antiporter activity involved in regulation of postsynaptic membrane potential [GO:0099580]","anchoring junction [GO:0070161]; axon [GO:0030424]; axon terminus [GO:0043679]; dendrite [GO:0030425]; dendritic spine [GO:0043197]; endoplasmic reticulum membrane [GO:0005789]; mitochondrial outer membrane [GO:0005741]; neuromuscular junction [GO:0031594]; neuronal cell body [GO:0043025]; perikaryon [GO:0043204]; perinuclear region of cytoplasm [GO:0048471]; plasma membrane [GO:0005886]; postsynapse [GO:0098794]; postsynaptic density [GO:0014069]; sarcolemma [GO:0042383]; sarcoplasm [GO:0016528]; synapse [GO:0045202]",NA,NA,"P57103;","R-HSA-418359;R-HSA-425561;R-HSA-5578775;R-HSA-8949215;",NA,"P48165"
"gene-LOC134695234|LOC134695234",232.176485289188,-0.49389971629376,0.190915649976877,0.000623116333887,0.0403504624400527,"LOC134695234","lcl|NC_086373.1_cds_XP_063412521.1_5257","sp","Q9D8V0","HM13","MOUSE",68,350,111,1,7,1056,2,350,5.25e-169,479,"reviewed","HM13_MOUSE","Minor histocompatibility antigen H13 (EC 3.4.23.-) (Presenilin-like protein 3) (Signal peptide peptidase)","Hm13 H13 Psl3","Mus musculus (Mouse)",378,"GO:0001701; GO:0005783; GO:0005789; GO:0005791; GO:0005886; GO:0006465; GO:0008233; GO:0009986; GO:0031625; GO:0033619; GO:0036513; GO:0042500; GO:0042803; GO:0098553; GO:0098554; GO:1904211","in utero embryonic development [GO:0001701]; membrane protein proteolysis [GO:0033619]; membrane protein proteolysis involved in retrograde protein transport, ER to cytosol [GO:1904211]; signal peptide processing [GO:0006465]","aspartic endopeptidase activity, intramembrane cleaving [GO:0042500]; peptidase activity [GO:0008233]; protein homodimerization activity [GO:0042803]; ubiquitin protein ligase binding [GO:0031625]","cell surface [GO:0009986]; cytoplasmic side of endoplasmic reticulum membrane [GO:0098554]; Derlin-1 retrotranslocation complex [GO:0036513]; endoplasmic reticulum [GO:0005783]; endoplasmic reticulum membrane [GO:0005789]; lumenal side of endoplasmic reticulum membrane [GO:0098553]; plasma membrane [GO:0005886]; rough endoplasmic reticulum [GO:0005791]",NA,NA,NA,"R-MMU-9707587;",NA,NA
"gene-LOC134714502|LOC134714502",34.3877054648211,-0.546913504016316,0.216169910534325,0.00065678889507756,0.0414174010864938,"LOC134714502","lcl|NC_086376.1_cds_XP_063431869.1_16265","sp","A6H8J1","PRRCA","XENLA",52.361,233,107,1,397,1083,206,438,2.8e-82,260,"reviewed","PRRCA_XENLA","Protein PRRC1-A (Proline-rich and coiled-coil-containing protein 1-A)","prrc1-a","Xenopus laevis (African clawed frog)",442,"GO:0005737; GO:0005794; GO:0034237",NA,"protein kinase A regulatory subunit binding [GO:0034237]","cytoplasm [GO:0005737]; Golgi apparatus [GO:0005794]",NA,NA,NA,NA,NA,NA
"gene-LOC134725659|LOC134725659",72.9570520280487,-0.549402849869786,0.210550665889051,0.000522738756634661,0.0367436199535338,"LOC134725659","lcl|NC_086379.1_cds_XP_063445740.1_29989","sp","Q4KMC4","GFPT2","RAT",66.812,690,216,3,1,2070,1,677,0,963,"reviewed","GFPT2_RAT","Glutamine--fructose-6-phosphate aminotransferase [isomerizing] 2 (EC 2.6.1.16) (D-fructose-6-phosphate amidotransferase 2) (Glutamine:fructose-6-phosphate amidotransferase 2) (GFAT 2) (GFAT2) (Hexosephosphate aminotransferase 2)","Gfpt2","Rattus norvegicus (Rat)",682,"GO:0004360; GO:0006002; GO:0006047; GO:0006048; GO:0006487; GO:0006541; GO:0097367; GO:1990830","cellular response to leukemia inhibitory factor [GO:1990830]; fructose 6-phosphate metabolic process [GO:0006002]; glutamine metabolic process [GO:0006541]; protein N-linked glycosylation [GO:0006487]; UDP-N-acetylglucosamine biosynthetic process [GO:0006048]; UDP-N-acetylglucosamine metabolic process [GO:0006047]","carbohydrate derivative binding [GO:0097367]; glutamine-fructose-6-phosphate transaminase (isomerizing) activity [GO:0004360]",NA,NA,NA,NA,"R-RNO-446210;","UPA00113;",NA
"gene-LOC134686847|LOC134686847",119.51413018114,-0.567181941363217,0.13582284057698,2.06114650834934e-06,0.000997109934392059,"LOC134686847","lcl|NC_086382.1_cds_XP_063402729.1_37690","sp","Q9D5V6","SYAP1","MOUSE",50.694,288,110,8,250,1035,65,346,4.78e-76,242,"reviewed","SYAP1_MOUSE","Synapse-associated protein 1 (BSD domain-containing signal transducer and Akt interactor protein) (BSTA)","Syap1","Mus musculus (Mouse)",365,"GO:0005634; GO:0005654; GO:0005737; GO:0005794; GO:0005829; GO:0009898; GO:0030154; GO:0030424; GO:0030425; GO:0030426; GO:0032869; GO:0036120; GO:0038203; GO:0042734; GO:0043204; GO:0045202; GO:0045211; GO:0045600; GO:0048172; GO:0048471; GO:0071364; GO:0071902; GO:1990314","cell differentiation [GO:0030154]; cellular response to epidermal growth factor stimulus [GO:0071364]; cellular response to insulin stimulus [GO:0032869]; cellular response to insulin-like growth factor stimulus [GO:1990314]; cellular response to platelet-derived growth factor stimulus [GO:0036120]; positive regulation of fat cell differentiation [GO:0045600]; positive regulation of protein serine/threonine kinase activity [GO:0071902]; regulation of short-term neuronal synaptic plasticity [GO:0048172]; TORC2 signaling [GO:0038203]",NA,"axon [GO:0030424]; cytoplasm [GO:0005737]; cytoplasmic side of plasma membrane [GO:0009898]; cytosol [GO:0005829]; dendrite [GO:0030425]; Golgi apparatus [GO:0005794]; growth cone [GO:0030426]; nucleoplasm [GO:0005654]; nucleus [GO:0005634]; perikaryon [GO:0043204]; perinuclear region of cytoplasm [GO:0048471]; postsynaptic membrane [GO:0045211]; presynaptic membrane [GO:0042734]; synapse [GO:0045202]",NA,"INDUCTION: Up-regulated during adipocyte differentiation (at protein level) (PubMed:23300339). {ECO:0000269|PubMed:23300339}.",NA,NA,NA,NA
"gene-LOC134714691|LOC134714691",81.4545316360275,-0.574693754647731,0.192478160024766,0.000169501603830729,0.0185864158653855,"LOC134714691","lcl|NC_086376.1_cds_XP_063432238.1_16704","sp","Q1HQF8","KTAP2","AEDAE",49.63,135,63,2,1,402,1,131,7.01e-41,135,"reviewed","KTAP2_AEDAE","Protein KRTCAP2 homolog (Dolichyl-diphosphooligosaccharide--protein glycosyltransferase subunit KCP2) (Oligosaccharyl transferase subunit KCP2)","AAEL007634","Aedes aegypti (Yellowfever mosquito) (Culex aegypti)",132,"GO:0005615; GO:0016020; GO:0042543","protein N-linked glycosylation via arginine [GO:0042543]",NA,"extracellular space [GO:0005615]; membrane [GO:0016020]",NA,NA,NA,NA,NA,NA
"gene-LOC134684271|LOC134684271",32.5677704862543,-0.591935259455529,0.193060644799669,0.000128288434048092,0.0152904939363987,"LOC134684271","lcl|NC_086381.1_cds_XP_063399621.1_33876","sp","Q16629","SRSF7","HUMAN",47.222,108,51,1,220,525,12,119,1e-24,103,"reviewed","SRSF7_HUMAN","Serine/arginine-rich splicing factor 7 (Splicing factor 9G8) (Splicing factor, arginine/serine-rich 7)","SRSF7 SFRS7","Homo sapiens (Human)",238,"GO:0000398; GO:0003723; GO:0003729; GO:0005634; GO:0005654; GO:0005737; GO:0006397; GO:0008270; GO:0008380; GO:0016607; GO:0019904; GO:0048025; GO:0051028; GO:0070062; GO:1990830","cellular response to leukemia inhibitory factor [GO:1990830]; mRNA processing [GO:0006397]; mRNA splicing, via spliceosome [GO:0000398]; mRNA transport [GO:0051028]; negative regulation of mRNA splicing, via spliceosome [GO:0048025]; RNA splicing [GO:0008380]","mRNA binding [GO:0003729]; protein domain specific binding [GO:0019904]; RNA binding [GO:0003723]; zinc ion binding [GO:0008270]","cytoplasm [GO:0005737]; extracellular exosome [GO:0070062]; nuclear speck [GO:0016607]; nucleoplasm [GO:0005654]; nucleus [GO:0005634]",NA,NA,"Q16629;","R-HSA-159236;R-HSA-72163;R-HSA-72165;R-HSA-72187;R-HSA-72203;R-HSA-73856;",NA,"P49759-3; Q9NQ29-3; Q9Y383; Q9UBU9; Q8NAV1; Q7Z6E9; Q15287; O00560; Q96SB4; P78362; Q9JKL7"
"gene-LOC134724954|LOC134724954",44.7000503814091,-0.646436023950749,0.208556896944161,0.000106121355895845,0.0134943450405337,"LOC134724954","lcl|NC_086379.1_cds_XP_063444439.1_28354","sp","Q5ZJA3","CDR2","CHICK",29.622,476,250,14,28,1290,11,456,6.65e-30,124,"reviewed","CDR2_CHICK","Cerebellar degeneration-related protein 2","CDR2 RCJMB04_19l3","Gallus gallus (Chicken)",456,"GO:0005737",NA,NA,"cytoplasm [GO:0005737]",NA,NA,NA,NA,NA,NA
"gene-LOC134708172|LOC134708172",880.289712186296,-0.647390462166691,0.247284047412043,0.000425112319039854,0.0323715158498496,"LOC134708172","lcl|NC_086374.1_cds_XP_063424571.1_10085","sp","P57999","ZAN","RABIT",29.512,410,263,14,5227,6444,603,990,1.93e-43,179,"reviewed","ZAN_RABIT","Zonadhesin","ZAN","Oryctolagus cuniculus (Rabbit)",2282,"GO:0005615; GO:0005886; GO:0007155; GO:0031012","cell adhesion [GO:0007155]",NA,"extracellular matrix [GO:0031012]; extracellular space [GO:0005615]; plasma membrane [GO:0005886]",NA,NA,NA,NA,NA,NA
"gene-LOC134695949|LOC134695949",19.7422894142001,-0.67578431196684,0.254110915383291,0.000374755588242423,0.0290753769594876,"LOC134695949","lcl|NC_086386.1_cds_XP_063413517.1_49035","sp","Q24537","HMG2","DROME",55.828,163,67,2,7,480,174,336,6.17e-54,180,"reviewed","HMG2_DROME","High mobility group protein DSP1 (Protein dorsal switch 1)","Dsp1 ssrp2 CG12223","Drosophila melanogaster (Fruit fly)",393,"GO:0000122; GO:0003677; GO:0003697; GO:0005634; GO:0005654; GO:0005700; GO:0006268; GO:0006338; GO:0006357; GO:0007379; GO:0008301; GO:0008348; GO:0017025; GO:0017055; GO:0032502; GO:0035218; GO:0045892; GO:0140297","chromatin remodeling [GO:0006338]; developmental process [GO:0032502]; DNA unwinding involved in DNA replication [GO:0006268]; leg disc development [GO:0035218]; negative regulation of antimicrobial humoral response [GO:0008348]; negative regulation of DNA-templated transcription [GO:0045892]; negative regulation of RNA polymerase II transcription preinitiation complex assembly [GO:0017055]; negative regulation of transcription by RNA polymerase II [GO:0000122]; regulation of transcription by RNA polymerase II [GO:0006357]; segment specification [GO:0007379]","DNA binding [GO:0003677]; DNA binding, bending [GO:0008301]; DNA-binding transcription factor binding [GO:0140297]; single-stranded DNA binding [GO:0003697]; TBP-class protein binding [GO:0017025]","nucleoplasm [GO:0005654]; nucleus [GO:0005634]; polytene chromosome [GO:0005700]",NA,NA,NA,"R-DME-140342;R-DME-209394;R-DME-5620971;R-DME-5686938;R-DME-6798695;",NA,NA
"gene-LOC134721489|LOC134721489",46.1959579403206,-0.676934843478881,0.260206131958648,0.000434216881721388,0.0327614645438229,"LOC134721489","lcl|NC_086373.1_cds_XP_063440617.1_1650","sp","Q58DA6","S35A2","BOVIN",56.026,307,132,2,151,1068,35,339,1.55e-91,283,"reviewed","S35A2_BOVIN","UDP-galactose translocator (Solute carrier family 35 member A2) (UDP-galactose transporter) (UDP-Gal-Tr) (UGT)","SLC35A2","Bos taurus (Bovine)",393,"GO:0000139; GO:0005459; GO:0015297; GO:0072334","UDP-galactose transmembrane transport [GO:0072334]","antiporter activity [GO:0015297]; UDP-galactose transmembrane transporter activity [GO:0005459]","Golgi membrane [GO:0000139]",NA,NA,NA,NA,NA,NA
"gene-LOC134682520|LOC134682520",44.1001938967392,-0.677433302394619,0.193762376751858,2.70751110746973e-05,0.00655435523298869,"LOC134682520","lcl|NC_086373.1_cds_XP_063397844.1_3229","sp","P32882","TBB2","CHICK",93.488,430,28,0,1,1290,1,430,0,803,"reviewed","TBB2_CHICK","Tubulin beta-2 chain (Beta-tubulin class-II)",NA,"Gallus gallus (Chicken)",445,"GO:0000226; GO:0000278; GO:0003924; GO:0005200; GO:0005509; GO:0005525; GO:0005737; GO:0005874; GO:0031115","microtubule cytoskeleton organization [GO:0000226]; mitotic cell cycle [GO:0000278]; negative regulation of microtubule polymerization [GO:0031115]","calcium ion binding [GO:0005509]; GTP binding [GO:0005525]; GTPase activity [GO:0003924]; structural constituent of cytoskeleton [GO:0005200]","cytoplasm [GO:0005737]; microtubule [GO:0005874]",NA,NA,NA,NA,NA,NA
"gene-LOC134695637|LOC134695637",30.7920122438821,-0.768986159372815,0.205289417409537,9.25941236133903e-06,0.00331675207264819,"LOC134695637","lcl|NC_086373.1_cds_XP_063413032.1_5321","sp","Q5SPC5","OTOF","DANRE",49.321,1399,628,17,1,4155,1,1332,0,1338,"reviewed","OTOF_DANRE","Otoferlin (Fer-1-like protein 2)","otof fer1l2 si:dkey-181f18.3","Danio rerio (Zebrafish) (Brachydanio rerio)",1992,"GO:0000139; GO:0001964; GO:0005509; GO:0005789; GO:0007009; GO:0007605; GO:0010996; GO:0016079; GO:0016082; GO:0016323; GO:0030672; GO:0035612; GO:0036465; GO:0042995; GO:0048787; GO:0050885","neuromuscular process controlling balance [GO:0050885]; plasma membrane organization [GO:0007009]; response to auditory stimulus [GO:0010996]; sensory perception of sound [GO:0007605]; startle response [GO:0001964]; synaptic vesicle exocytosis [GO:0016079]; synaptic vesicle priming [GO:0016082]; synaptic vesicle recycling [GO:0036465]","AP-2 adaptor complex binding [GO:0035612]; calcium ion binding [GO:0005509]","basolateral plasma membrane [GO:0016323]; cell projection [GO:0042995]; endoplasmic reticulum membrane [GO:0005789]; Golgi membrane [GO:0000139]; presynaptic active zone membrane [GO:0048787]; synaptic vesicle membrane [GO:0030672]",NA,NA,NA,NA,NA,NA
"gene-LOC134695948|LOC134695948",83.0312665550857,-0.850974579759213,0.243772871704073,2.33813236800159e-05,0.00620283890143389,"LOC134695948","lcl|NC_086386.1_cds_XP_063413515.1_49033","sp","Q24537","HMG2","DROME",56.627,166,67,2,7,489,174,339,1.28e-56,187,"reviewed","HMG2_DROME","High mobility group protein DSP1 (Protein dorsal switch 1)","Dsp1 ssrp2 CG12223","Drosophila melanogaster (Fruit fly)",393,"GO:0000122; GO:0003677; GO:0003697; GO:0005634; GO:0005654; GO:0005700; GO:0006268; GO:0006338; GO:0006357; GO:0007379; GO:0008301; GO:0008348; GO:0017025; GO:0017055; GO:0032502; GO:0035218; GO:0045892; GO:0140297","chromatin remodeling [GO:0006338]; developmental process [GO:0032502]; DNA unwinding involved in DNA replication [GO:0006268]; leg disc development [GO:0035218]; negative regulation of antimicrobial humoral response [GO:0008348]; negative regulation of DNA-templated transcription [GO:0045892]; negative regulation of RNA polymerase II transcription preinitiation complex assembly [GO:0017055]; negative regulation of transcription by RNA polymerase II [GO:0000122]; regulation of transcription by RNA polymerase II [GO:0006357]; segment specification [GO:0007379]","DNA binding [GO:0003677]; DNA binding, bending [GO:0008301]; DNA-binding transcription factor binding [GO:0140297]; single-stranded DNA binding [GO:0003697]; TBP-class protein binding [GO:0017025]","nucleoplasm [GO:0005654]; nucleus [GO:0005634]; polytene chromosome [GO:0005700]",NA,NA,NA,"R-DME-140342;R-DME-209394;R-DME-5620971;R-DME-5686938;R-DME-6798695;",NA,NA
"gene-LOC134707301|LOC134707301",33.5978532466386,-0.899540687568291,0.202930524052745,5.06897026627428e-07,0.000397676551863917,"LOC134707301","lcl|NC_086374.1_cds_XP_063423019.1_8174","sp","Q8AWB6","S35B1","CHICK",58.974,312,127,1,82,1014,11,322,2.85e-110,327,"reviewed","S35B1_CHICK","Solute carrier family 35 member B1 (Endoplasmic reticulum nucleotide sugar transporter 1)","SLC35B1 ERNST1","Gallus gallus (Chicken)",325,"GO:0000139; GO:0005459; GO:0005460; GO:0005789; GO:0072334","UDP-galactose transmembrane transport [GO:0072334]","UDP-galactose transmembrane transporter activity [GO:0005459]; UDP-glucose transmembrane transporter activity [GO:0005460]","endoplasmic reticulum membrane [GO:0005789]; Golgi membrane [GO:0000139]",NA,NA,NA,NA,NA,NA
"gene-LOC134708154|LOC134708154",56.9651384525716,-0.91127962194889,0.223731253997848,2.30717573271427e-06,0.00102648242916385,"LOC134708154","lcl|NC_086374.1_cds_XP_063424546.1_10061","sp","Q6GQB9","EDEM3","XENLA",57.902,753,287,5,124,2340,45,781,0,830,"reviewed","EDEM3_XENLA","ER degradation-enhancing alpha-mannosidase-like protein 3 (EC 3.2.1.113) (Alpha-1,2-mannosidase EDEM3)","edem3","Xenopus laevis (African clawed frog)",913,"GO:0004571; GO:0005509; GO:0005788; GO:0005975; GO:0006486; GO:0006986; GO:0016020","carbohydrate metabolic process [GO:0005975]; protein glycosylation [GO:0006486]; response to unfolded protein [GO:0006986]","calcium ion binding [GO:0005509]; mannosyl-oligosaccharide 1,2-alpha-mannosidase activity [GO:0004571]","endoplasmic reticulum lumen [GO:0005788]; membrane [GO:0016020]",NA,NA,NA,NA,"UPA00378;",NA
"gene-LOC134696347|LOC134696347",668.137961991379,-1.04003539251388,0.192824707872615,3.51796374442106e-09,7.2329334585297e-06,"LOC134696347","lcl|NC_086386.1_cds_XP_063414145.1_49373","sp","P11833","TBB","PARLI",98.837,430,5,0,1,1290,1,430,0,853,"reviewed","TBB_PARLI","Tubulin beta chain (Beta-tubulin)",NA,"Paracentrotus lividus (Common sea urchin)",447,"GO:0000226; GO:0000278; GO:0003924; GO:0005200; GO:0005525; GO:0005737; GO:0005874; GO:0046872","microtubule cytoskeleton organization [GO:0000226]; mitotic cell cycle [GO:0000278]","GTP binding [GO:0005525]; GTPase activity [GO:0003924]; metal ion binding [GO:0046872]; structural constituent of cytoskeleton [GO:0005200]","cytoplasm [GO:0005737]; microtubule [GO:0005874]",NA,NA,NA,NA,NA,NA
"gene-LOC134725878|LOC134725878",65.7936430701572,-1.15931526855585,0.274698317938653,1.08788975936012e-06,0.000598875853866296,"LOC134725878","lcl|NC_086379.1_cds_XP_063446201.1_30510","sp","Q3USW5","FXRD2","MOUSE",51.244,603,277,5,85,1848,21,621,0,628,"reviewed","FXRD2_MOUSE","FAD-dependent oxidoreductase domain-containing protein 2","Foxred2 D15Bwg0759e","Mus musculus (Mouse)",665,"GO:0004497; GO:0005788; GO:0036503; GO:0050660","ERAD pathway [GO:0036503]","flavin adenine dinucleotide binding [GO:0050660]; monooxygenase activity [GO:0004497]","endoplasmic reticulum lumen [GO:0005788]",NA,NA,NA,NA,NA,NA
"gene-LOC134706903|LOC134706903",28.7587665245739,-1.2761803148832,0.534116687936383,0.00052050556444881,0.0367436199535338,"LOC134706903","lcl|NC_086374.1_cds_XP_063422325.1_7340","sp","Q8MSU3","FRRS1","DROME",28.916,332,224,6,79,1053,227,553,5.27e-38,149,"reviewed","FRRS1_DROME","Putative ferric-chelate reductase 1 homolog (DmSDR2) (EC 1.-.-.-)","CG8399","Drosophila melanogaster (Fruit fly)",647,"GO:0006879; GO:0016020; GO:0016722; GO:0046872; GO:0140571","intracellular iron ion homeostasis [GO:0006879]","metal ion binding [GO:0046872]; oxidoreductase activity, acting on metal ions [GO:0016722]; transmembrane ascorbate ferrireductase activity [GO:0140571]","membrane [GO:0016020]",NA,NA,NA,NA,NA,NA
